{"cameraMode":{"drawMode":0,"name":"Shaded","section":"Shading Mode"},"sceneLighting":true,"audioPlay":false,"sceneViewState":{"showFog":true,"showMaterialUpdate":false,"showSkybox":true,"showFlares":true,"showImageEffects":true,"showParticleSystems":true},"in2DMode":false,"pivot":{"x":-4.382120132446289,"y":-41.01932144165039,"z":30.800249099731447},"rotation":{"x":-0.4839884042739868,"y":0.17154622077941895,"z":-0.0974796935915947,"w":-0.8526207804679871},"size":28.376310348510743,"orthographic":false}