{"cameraMode":{"drawMode":0,"name":"Shaded","section":"Shading Mode"},"sceneLighting":true,"audioPlay":false,"sceneViewState":{"showFog":false,"showMaterialUpdate":false,"showSkybox":false,"showFlares":false,"showImageEffects":true,"showParticleSystems":false},"in2DMode":false,"pivot":{"x":21.82206153869629,"y":-10.559473991394043,"z":-6.365068435668945},"rotation":{"x":-0.16355250775814057,"y":-0.781029224395752,"z":0.22909747064113618,"w":-0.5576821565628052},"size":18.976900100708009,"orthographic":false}