{"cameraMode":{"drawMode":0,"name":"Shaded","section":"Shading Mode"},"sceneLighting":true,"audioPlay":false,"sceneViewState":{"showFog":false,"showMaterialUpdate":false,"showSkybox":false,"showFlares":false,"showImageEffects":true,"showParticleSystems":false},"in2DMode":false,"pivot":{"x":10.187821388244629,"y":-5.771468162536621,"z":-4.345868110656738},"rotation":{"x":-0.3583972752094269,"y":-0.0766330435872078,"z":0.029561730101704599,"w":-0.9300824999809265},"size":18.976900100708009,"orthographic":false}