{"cameraMode":{"drawMode":0,"name":"Shaded","section":"Shading Mode"},"sceneLighting":true,"audioPlay":false,"sceneViewState":{"showFog":false,"showMaterialUpdate":false,"showSkybox":false,"showFlares":false,"showImageEffects":true,"showParticleSystems":false},"in2DMode":false,"pivot":{"x":-0.4319906234741211,"y":6.814373016357422,"z":15.010924339294434},"rotation":{"x":-0.2689513862133026,"y":0.7200915813446045,"z":-0.5204333066940308,"w":-0.3721795976161957},"size":8.798792839050293,"orthographic":false}